Date,Transaction,Amount
1/6/2012,ADY*Netflix,8.99
1/10/2012,FirstService Res DES:RESIDENT ID: 45118551 INDN:Sara Caplan CO ID:XXXXX39005 WEB,1275
1/10/2012,FirstService Res Late Fee DES:RESIDENT ID: 45118551 INDN:Sara Caplan CO ID:XXXXX39005 WEB,25
12/27/2011,Iaria's Italian Restaurant 18474,13.87
12/27/2011,Uber BV help.uber.com,15.54
12/27/2011,AMAZON,38.81
12/28/2011,Recess 462076,19.47
1/4/2012,Sahm's Place 222491,32.35
1/9/2012,BKOFAMERICA ATM 12-01 #000009003 WITHDRWL SOUTH BEND INDIANA ID,20
1/11/2012,Bluebeard 904636,13.69
1/12/2012,Uber BV help.uber.com,21.14
1/16/2012,TARGET PURCHASE 186329,29.86
1/20/2012,Pizzology 118807,31.32
1/22/2012,Delicia 34962,14.47
1/25/2012,PAYPAL DES:INST XFER ID:28054 INDN:Sara Caplan CO ID:PAYPAL WEB,76.85
1/23/2012,NORDSTROM ONLINE,27.25
1/25/2012,Taste Cafe & Marketplace 941074,17.93
1/29/2012,Scotty's Brewhouse 591576,12.52
1/30/2012,TARGET PURCHASE 569396,16.34
1/30/2012,Goose the Market 906272,25.57
2/2/2012,3 Sisters 51214,22.87
2/3/2012,Bazbeaux 851729,32.41
2/6/2012,ADY*Netflix,8.99
2/2/2012,FirstService Res DES:RESIDENT ID: 45118551 INDN:Sara Caplan CO ID:XXXXX39005 WEB,1275
2/3/2012,TARGET PURCHASE 44203,26.12
1/30/2012,BKOFAMERICA ATM 12-01 #000009003 WITHDRWL SOUTH BEND INDIANA ID,20
1/31/2012,Mama Carolla's Old Italian 402327,29.34
2/1/2012,Scotty's Brewhouse 113793,12.59
2/5/2012,The Tamale Place 903688,26.31
2/5/2012,Uber BV help.uber.com,9.59
2/6/2012,Bluebeard 288257,7.94
2/11/2012,Bazbeaux 296528,27.87
2/12/2012,Uber BV help.uber.com,5.09
2/17/2012,PAYPAL DES:INST XFER ID:40748 INDN:Sara Caplan CO ID:PAYPAL WEB,24.75
2/15/2012,TARGET PURCHASE 2072800,17.71
2/15/2012,MOBILE GAS,41.88
2/15/2012,Uber BV help.uber.com,8.83
2/18/2012,Taste Cafe & Marketplace 951510,20.63
2/19/2012,The Loft at Trader's Point Creamery 989275,23.99
2/21/2012,BKOFAMERICA ATM 12-02 #000009003 WITHDRWL SOUTH BEND INDIANA ID,50
2/22/2012,The Tamale Place 966883,15.39
2/23/2012,Shoefly Public House 446790,18.89
2/26/2012,The Tamale Place 782801,26.43
3/1/2012,Iaria's Italian Restaurant 48854,32.26
3/6/2012,ADY*Netflix,8.99
3/7/2012,FirstService Res DES:RESIDENT ID: 45118551 INDN:Sara Caplan CO ID:XXXXX39005 WEB,1275
3/4/2012,Yats 16788,21.16
3/7/2012,BKOFAMERICA ATM 12-03 #000009003 WITHDRWL SOUTH BEND INDIANA ID,10
3/9/2012,EXXON GAS,41.03
3/5/2012,Shapiro's Delicatessen 799146,28.16
3/8/2012,Mama Carolla's Old Italian 363948,28.17
3/12/2012,Uber BV help.uber.com,5.42
3/13/2012,Uber BV help.uber.com,15.94
3/16/2012,Yats 843716,9.22
3/17/2012,Union 50 672776,14.93
3/21/2012,BKOFAMERICA ATM 12-03 #000009003 WITHDRWL SOUTH BEND INDIANA ID,30
3/19/2012,Iaria's Italian Restaurant 492539,7.98
3/19/2012,Uber BV help.uber.com,5
3/20/2012,Brugge Brasserie 66419,21.28
3/22/2012,Recess 637164,12.7
3/24/2012,Cafe Patachou 144305,12.55
3/27/2012,PAYPAL DES:INST XFER ID:62765 INDN:Sara Caplan CO ID:PAYPAL WEB,6.3
3/26/2012,Iaria's Italian Restaurant 483779,30.16
3/26/2012,WALMART,22.54
3/28/2012,Iaria's Italian Restaurant 466676,28.3
3/30/2012,3 Sisters 100110,32.11
4/6/2012,ADY*Netflix,8.99
4/7/2012,FirstService Res DES:RESIDENT ID: 45118551 INDN:Sara Caplan CO ID:XXXXX39005 WEB,1275
3/27/2012,Brugge Brasserie 828175,25.65
3/29/2012,Pizzology 40832,24.33
3/29/2012,Uber BV help.uber.com,5.9
3/31/2012,Union 50 138989,16.05
4/4/2012,Sahm's Place 333013,18.28
4/7/2012,Pizzology 908172,9.24
4/8/2012,Cafe Patachou 292384,25.38
4/14/2012,PAYPAL DES:INST XFER ID:67024 INDN:Sara Caplan CO ID:PAYPAL WEB,34.34
4/9/2012,Goose the Market 963093,33.59
4/9/2012,AMAZON,39.3
4/11/2012,AMAZON,14.89
4/14/2012,St. Elmo Steak House 333318,32.3
4/14/2012,Uber BV help.uber.com,5.7
4/15/2012,Uber BV help.uber.com,17.8
4/19/2012,TARGET PURCHASE 561812,26.11
4/16/2012,Twenty Tap 428558,16.32
4/22/2012,Sahm's Place 606673,31.38
4/22/2012,Uber BV help.uber.com,17.13
4/27/2012,TARGET PURCHASE 2532526,24.32
4/23/2012,SHELL,33.22
4/24/2012,The Tamale Place 992089,22.58
4/26/2012,St. Elmo Steak House 467021,18.97
4/26/2012,TARGET,33.63
4/27/2012,Twenty Tap 968655,32.53
4/27/2012,Uber BV help.uber.com,12
5/3/2012,TARGET PURCHASE 1814526,24.48
5/5/2012,Twenty Tap 66657,32.07
5/6/2012,ADY*Netflix,8.99
5/6/2012,FirstService Res DES:RESIDENT ID: 45118551 INDN:Sara Caplan CO ID:XXXXX39005 WEB,1275
5/1/2012,BKOFAMERICA ATM 12-04 #000009003 WITHDRWL SOUTH BEND INDIANA ID,40
4/30/2012,Brugge Brasserie 793226,8.41
5/1/2012,Scotty's Brewhouse 65645,15.45
5/2/2012,TARGET,41.64
5/4/2012,3 Sisters 17348,28.61
5/6/2012,Cafe Patachou 215939,33.41
5/13/2012,BKOFAMERICA ATM 12-05 #000009003 WITHDRWL SOUTH BEND INDIANA ID,10
5/8/2012,Sahm's Place 432018,25.58
5/10/2012,Scotty's Brewhouse 849722,19.38
5/11/2012,The Loft at Trader's Point Creamery 520736,25.91
5/12/2012,Uber BV help.uber.com,15.82
5/14/2012,Pizzology 725374,10.46
5/15/2012,Iaria's Italian Restaurant 914087,16.97
5/19/2012,Cafe Patachou 830066,28.68
5/20/2012,Mug N' Bun 666894,11.95
5/23/2012,3 Sisters 33816,15.8
5/24/2012,Twenty Tap 15363,30.78
5/27/2012,Uber BV help.uber.com,21.39
5/27/2012,NORDSTROM ONLINE,35.92
5/28/2012,BKOFAMERICA ATM 12-05 #000009003 WITHDRWL SOUTH BEND INDIANA ID,50
5/29/2012,Uber BV help.uber.com,15.32
5/30/2012,St. Elmo Steak House 713804,26.76
5/30/2012,Uber BV help.uber.com,5.27
6/2/2012,Bazbeaux 604424,28.35
6/2/2012,NORDSTROM ONLINE,27.73
6/3/2012,Bazbeaux 769968,28.32
6/6/2012,ADY*Netflix,8.99
6/8/2012,FirstService Res DES:RESIDENT ID: 45118551 INDN:Sara Caplan CO ID:XXXXX39005 WEB,1275
5/30/2012,St. Elmo Steak House 11348,10.71
6/3/2012,Uber BV help.uber.com,7.21
6/6/2012,Cafe Patachou 838644,25.38
6/6/2012,WALMART,13.14
6/7/2012,Scotty's Brewhouse 266471,7.74
6/7/2012,Uber BV help.uber.com,22.44
6/9/2012,AMAZON,15.37
6/15/2012,TARGET PURCHASE 2290194,30.91
6/13/2012,Mesh on Mass 565791,12.07
6/14/2012,Uber BV help.uber.com,18.54
6/15/2012,Shoefly Public House 278860,27.31
6/15/2012,TARGET,7.59
6/16/2012,Mesh on Mass 428796,27.83
6/16/2012,Uber BV help.uber.com,15.39
6/17/2012,WALMART,23.93
6/20/2012,PAYPAL DES:INST XFER ID:60480 INDN:Sara Caplan CO ID:PAYPAL WEB,70.67
6/22/2012,TARGET PURCHASE 2292410,22.68
6/19/2012,Delicia 511505,11.3
6/21/2012,Delicia 670304,26.97
7/1/2012,BKOFAMERICA ATM 12-06 #000009003 WITHDRWL SOUTH BEND INDIANA ID,30
6/26/2012,AMAZON,26.52
7/1/2012,The Tamale Place 263864,32.8
7/6/2012,ADY*Netflix,8.99
7/2/2012,FirstService Res DES:RESIDENT ID: 45118551 INDN:Sara Caplan CO ID:XXXXX39005 WEB,1275
6/27/2012,BKOFAMERICA ATM 12-06 #000009003 WITHDRWL SOUTH BEND INDIANA ID,50
6/25/2012,AMAZON,8.03
6/27/2012,Yats 764954,19.8
6/28/2012,Twenty Tap 93604,19.6
6/30/2012,Uber BV help.uber.com,12.16
6/30/2012,TARGET,39.65
7/1/2012,Uber BV help.uber.com,6.57
7/3/2012,Pizzology 38809,16.98
7/4/2012,Uber BV help.uber.com,15.87
7/5/2012,Mama Carolla's Old Italian 542278,12.11
7/5/2012,NORDSTROM ONLINE,19.69
7/7/2012,3 Sisters 66043,26.41
7/9/2012,BKOFAMERICA ATM 12-07 #000009003 WITHDRWL SOUTH BEND INDIANA ID,50
7/11/2012,Mama Carolla's Old Italian 152837,12.38
7/12/2012,Twenty Tap 869895,12.54
7/12/2012,NORDSTROM ONLINE,22.92
7/14/2012,Siam Square 96593,14.13
7/15/2012,Uber BV help.uber.com,12.04
7/16/2012,Shapiro's Delicatessen 48528,9.37
7/16/2012,Uber BV help.uber.com,9.75
7/20/2012,Delicia 467884,33.96
7/22/2012,Uber BV help.uber.com,11.24
8/3/2012,PAYPAL DES:INST XFER ID:77583 INDN:Sara Caplan CO ID:PAYPAL WEB,78.95
7/30/2012,TARGET PURCHASE 2855034,21.16
7/30/2012,WALMART,26.72
8/1/2012,Bazbeaux 401678,24.63
8/4/2012,Brugge Brasserie 326864,12.95
8/5/2012,Union 50 211909,24.65
8/6/2012,ADY*Netflix,8.99
8/10/2012,FirstService Res DES:RESIDENT ID: 45118551 INDN:Sara Caplan CO ID:XXXXX39005 WEB,1275
8/10/2012,FirstService Res Late Fee DES:RESIDENT ID: 45118551 INDN:Sara Caplan CO ID:XXXXX39005 WEB,25
8/2/2012,PAYPAL DES:INST XFER ID:99180 INDN:Sara Caplan CO ID:PAYPAL WEB,52.1
7/31/2012,Uber BV help.uber.com,12.66
8/3/2012,Mesh on Mass 664505,33.35
8/12/2012,MOBILE GAS,40.38
8/6/2012,Mesh on Mass 479304,24.23
8/7/2012,Shoefly Public House 902296,19.92
8/9/2012,Union 50 417177,16.55
8/9/2012,TARGET,26.37
8/10/2012,Brugge Brasserie 159515,32.31
8/11/2012,Twenty Tap 544348,17.25
8/16/2012,BKOFAMERICA ATM 12-08 #000009003 WITHDRWL SOUTH BEND INDIANA ID,20
8/13/2012,Iaria's Italian Restaurant 646043,10.23
8/15/2012,Mesh on Mass 525117,17.32
8/16/2012,WALMART,15.78
8/17/2012,AMAZON,9.53
8/18/2012,Uber BV help.uber.com,7.11
8/19/2012,Yats 427926,24.15
8/24/2012,TARGET PURCHASE 2480766,29.54
8/20/2012,Taste Cafe & Marketplace 545717,16.84
8/21/2012,Mesh on Mass 372763,18.15
8/21/2012,Uber BV help.uber.com,7.99
8/23/2012,Iaria's Italian Restaurant 524477,10.38
8/23/2012,TARGET,12.64
8/30/2012,EXXON GAS,32.51
8/29/2012,The Loft at Trader's Point Creamery 932684,26.72
8/31/2012,Shoefly Public House 567886,21.11
8/31/2012,AMAZON,26.57
9/1/2012,Iaria's Italian Restaurant 487593,14.14
9/6/2012,ADY*Netflix,8.99
9/8/2012,FirstService Res DES:RESIDENT ID: 45118551 INDN:Sara Caplan CO ID:XXXXX39005 WEB,1275
8/28/2012,TARGET PURCHASE 934080,20.31
8/31/2012,BKOFAMERICA ATM 12-08 #000009003 WITHDRWL SOUTH BEND INDIANA ID,50
8/30/2012,Scotty's Brewhouse 673299,14.92
9/7/2012,TARGET PURCHASE 1743494,18.3
9/9/2012,MOBILE GAS,36.01
9/3/2012,Bazbeaux 166807,27.26
9/4/2012,Uber BV help.uber.com,22.11
9/5/2012,Uber BV help.uber.com,21.73
9/6/2012,Recess 699494,17.31
9/7/2012,Sahm's Place 805607,26.39
9/13/2012,TARGET PURCHASE 664599,14.82
9/14/2012,CHEVRON,33.92
9/11/2012,Goose the Market 331919,10.95
9/14/2012,Yats 600880,13.61
9/23/2012,BKOFAMERICA ATM 12-09 #000009003 WITHDRWL SOUTH BEND INDIANA ID,10
9/17/2012,Mesh on Mass 517951,13.78
9/18/2012,Shapiro's Delicatessen 842147,18.89
9/20/2012,Shoefly Public House 75248,8.02
9/21/2012,Twenty Tap 996087,33
9/22/2012,Sahm's Place 540224,15.92
9/25/2012,Mug N' Bun 585125,23.16
9/27/2012,Mama Carolla's Old Italian 765615,31.99
9/29/2012,TARGET,36.14
9/30/2012,Siam Square 493841,28.68
10/6/2012,ADY*Netflix,8.99
10/9/2012,FirstService Res DES:RESIDENT ID: 45118551 INDN:Sara Caplan CO ID:XXXXX39005 WEB,1275
10/9/2012,FirstService Res Late Fee DES:RESIDENT ID: 45118551 INDN:Sara Caplan CO ID:XXXXX39005 WEB,25
10/7/2012,MOBILE GAS,37.41
10/3/2012,TARGET,29.56
10/4/2012,TARGET,14.22
10/11/2012,TARGET PURCHASE 2362792,27.44
10/11/2012,BKOFAMERICA ATM 12-10 #000009003 WITHDRWL SOUTH BEND INDIANA ID,20
10/10/2012,SHELL,30.45
10/8/2012,Delicia 426040,28.21
10/9/2012,Uber BV help.uber.com,11.77
10/12/2012,Mama Carolla's Old Italian 66979,17.82
10/12/2012,Uber BV help.uber.com,6.13
10/14/2012,Bluebeard 167197,8.38
10/19/2012,TARGET PURCHASE 402190,25.01
10/18/2012,Shapiro's Delicatessen 697240,9.76
10/18/2012,Uber BV help.uber.com,20.74
10/20/2012,Iaria's Italian Restaurant 73271,21.67
10/23/2012,PAYPAL DES:INST XFER ID:69262 INDN:Sara Caplan CO ID:PAYPAL WEB,67.1
10/23/2012,BKOFAMERICA ATM 12-10 #000009003 WITHDRWL SOUTH BEND INDIANA ID,50
10/22/2012,Iaria's Italian Restaurant 897937,10.08
10/22/2012,Uber BV help.uber.com,5.01
10/23/2012,Mug N' Bun 37417,23.47
10/24/2012,Mama Carolla's Old Italian 183582,20.93
10/24/2012,Uber BV help.uber.com,14.79
10/26/2012,WALMART,27.75
11/4/2012,BKOFAMERICA ATM 12-10 #000009003 WITHDRWL SOUTH BEND INDIANA ID,20
10/30/2012,3 Sisters 638954,14.13
10/31/2012,Uber BV help.uber.com,4.4
10/31/2012,NORDSTROM ONLINE,19.48
11/1/2012,Scotty's Brewhouse 375502,15.21
11/3/2012,Uber BV help.uber.com,5.45
11/4/2012,Mug N' Bun 51640,18.67
11/6/2012,ADY*Netflix,8.99
11/8/2012,FirstService Res DES:RESIDENT ID: 45118551 INDN:Sara Caplan CO ID:XXXXX39005 WEB,1275
11/3/2012,PAYPAL DES:INST XFER ID:37508 INDN:Sara Caplan CO ID:PAYPAL WEB,66.79
11/4/2012,BKOFAMERICA ATM 12-10 #000009003 WITHDRWL SOUTH BEND INDIANA ID,50
10/31/2012,TARGET,5.17
11/2/2012,AMAZON,26.34
11/9/2012,BKOFAMERICA ATM 12-11 #000009003 WITHDRWL SOUTH BEND INDIANA ID,20
11/11/2012,Twenty Tap 463058,25.43
11/14/2012,Uber BV help.uber.com,13.27
11/15/2012,Uber BV help.uber.com,7.37
11/17/2012,Uber BV help.uber.com,20.93
11/18/2012,Bluebeard 33679,31.06
11/20/2012,Pizzology 354335,15.57
11/22/2012,Yats 283427,23.46
11/23/2012,Uber BV help.uber.com,5.44
11/25/2012,Shoefly Public House 119099,29.71
11/26/2012,PAYPAL DES:INST XFER ID:64856 INDN:Sara Caplan CO ID:PAYPAL WEB,12.88
11/30/2012,BKOFAMERICA ATM 12-11 #000009003 WITHDRWL SOUTH BEND INDIANA ID,50
11/30/2012,SHELL,32.71
11/27/2012,Shoefly Public House 429801,27.26
11/29/2012,Uber BV help.uber.com,20.42
11/30/2012,WALMART,25.62
12/6/2012,ADY*Netflix,8.99
12/10/2012,FirstService Res DES:RESIDENT ID: 45118551 INDN:Sara Caplan CO ID:XXXXX39005 WEB,1275
12/10/2012,FirstService Res Late Fee DES:RESIDENT ID: 45118551 INDN:Sara Caplan CO ID:XXXXX39005 WEB,25
11/28/2012,Scotty's Brewhouse 786595,15.19
12/1/2012,TARGET,8.91
12/4/2012,Uber BV help.uber.com,5.9
12/5/2012,The Loft at Trader's Point Creamery 680255,33.28
12/6/2012,Uber BV help.uber.com,18.48
12/7/2012,AMAZON,34.86
12/9/2012,Scotty's Brewhouse 286056,31.34
12/14/2012,TARGET PURCHASE 2561390,15.4
12/14/2012,BKOFAMERICA ATM 12-12 #000009003 WITHDRWL SOUTH BEND INDIANA ID,10
12/13/2012,Delicia 777794,16.7
12/13/2012,TARGET,41.48
12/20/2012,BKOFAMERICA ATM 12-12 #000009003 WITHDRWL SOUTH BEND INDIANA ID,50
12/17/2012,3 Sisters 372513,13.16
12/21/2012,St. Elmo Steak House 231548,14.73
12/23/2012,Uber BV help.uber.com,16.69
12/25/2012,Uber BV help.uber.com,18.66
12/27/2012,Pizzology 67782,24.7
12/28/2012,Sahm's Place 241603,31.22
12/29/2012,Uber BV help.uber.com,22.32
1/2/2013,BKOFAMERICA ATM 12-12 #000009003 WITHDRWL SOUTH BEND INDIANA ID,10
12/31/2012,Twenty Tap 692207,21.74
1/1/2013,3 Sisters 124484,28.92
1/2/2013,Uber BV help.uber.com,12.53
1/4/2013,Bluebeard 984895,7.75
1/4/2013,NORDSTROM ONLINE,24.1
1/6/2013,ADY*Netflix,8.99
1/2/2013,FirstService Res DES:RESIDENT ID: 45118551 INDN:Sara Caplan CO ID:XXXXX39005 WEB,1275
1/2/2013,BKOFAMERICA ATM 12-12 #000009003 WITHDRWL SOUTH BEND INDIANA ID,20
1/2/2013,WALMART,8.4
1/11/2013,St. Elmo Steak House 18962,28.67
1/11/2013,Uber BV help.uber.com,13.52
1/12/2013,Uber BV help.uber.com,9.59
1/12/2013,WALMART,39.7
1/13/2013,AMAZON,10.59
1/18/2013,PAYPAL DES:INST XFER ID:83988 INDN:Sara Caplan CO ID:PAYPAL WEB,60.07
1/14/2013,EXXON GAS,30.95
1/17/2013,The Loft at Trader's Point Creamery 368880,8.28
1/17/2013,Uber BV help.uber.com,4.28
1/19/2013,Scotty's Brewhouse 215184,29.45
1/26/2013,TARGET PURCHASE 1894265,27.96
1/24/2013,3 Sisters 816650,13.12
1/26/2013,Uber BV help.uber.com,7.66
2/2/2013,Uber BV help.uber.com,5.99
2/2/2013,AMAZON,33.51
2/3/2013,Taste Cafe & Marketplace 241401,21.98
2/6/2013,ADY*Netflix,8.99
2/2/2013,FirstService Res DES:RESIDENT ID: 45118551 INDN:Sara Caplan CO ID:XXXXX39005 WEB,1275
1/31/2013,TARGET PURCHASE 2778439,16.08
2/1/2013,MOBILE GAS,35.88
1/28/2013,Uber BV help.uber.com,12.45
2/1/2013,St. Elmo Steak House 251777,16.22
2/1/2013,TARGET,25.23
2/3/2013,Uber BV help.uber.com,22.45
2/5/2013,BKOFAMERICA ATM 13-02 #000009003 WITHDRWL SOUTH BEND INDIANA ID,30
2/5/2013,WALMART,34.38
2/8/2013,Pizzology 118152,14.08
2/10/2013,Brugge Brasserie 979012,7.19
2/14/2013,TARGET PURCHASE 1464803,16.73
2/11/2013,Mug N' Bun 471352,20.95
2/11/2013,Uber BV help.uber.com,16.5
2/13/2013,Bluebeard 656505,33.55
2/13/2013,Uber BV help.uber.com,8.02
2/15/2013,Mesh on Mass 715620,8.52
2/17/2013,Brugge Brasserie 130480,28.96
2/18/2013,NORDSTROM ONLINE,25.49
2/22/2013,AMAZON,36.91
2/23/2013,Union 50 782177,7.9
2/25/2013,The Loft at Trader's Point Creamery 27541,28.75
2/27/2013,NORDSTROM ONLINE,33.16
3/1/2013,Uber BV help.uber.com,14.82
3/2/2013,Siam Square 651269,11.27
3/3/2013,Mama Carolla's Old Italian 315510,9.74
3/6/2013,ADY*Netflix,8.99
3/8/2013,FirstService Res DES:RESIDENT ID: 45118551 INDN:Sara Caplan CO ID:XXXXX39005 WEB,1275
2/26/2013,Shapiro's Delicatessen 845473,32.67
2/27/2013,Uber BV help.uber.com,17.39
3/3/2013,The Tamale Place 383074,28.31
3/4/2013,Twenty Tap 776649,29.12
3/8/2013,NORDSTROM ONLINE,24.59
3/9/2013,Mesh on Mass 178157,33.53
3/9/2013,AMAZON,14.13
3/10/2013,Twenty Tap 998826,16.07
3/11/2013,Siam Square 770510,15.6
3/12/2013,Uber BV help.uber.com,5.79
3/16/2013,Delicia 801008,7.94
3/16/2013,Uber BV help.uber.com,6.8
3/17/2013,Bazbeaux 66261,29.08
3/29/2013,BKOFAMERICA ATM 13-03 #000009003 WITHDRWL SOUTH BEND INDIANA ID,50
3/30/2013,CHEVRON,30.28
3/26/2013,3 Sisters 458356,16.12
3/27/2013,St. Elmo Steak House 978782,9.49
3/27/2013,Uber BV help.uber.com,22.48
3/29/2013,Uber BV help.uber.com,16.72
3/30/2013,WALMART,39.71
3/31/2013,Pizzology 441855,16.07
4/6/2013,ADY*Netflix,8.99
4/3/2013,FirstService Res DES:RESIDENT ID: 45118551 INDN:Sara Caplan CO ID:XXXXX39005 WEB,1275
4/5/2013,TARGET PURCHASE 478479,27.27
4/5/2013,MOBILE GAS,42.48
4/3/2013,Uber BV help.uber.com,14.38
4/5/2013,Shapiro's Delicatessen 940568,25.04
4/6/2013,Goose the Market 545892,20.05
4/8/2013,Uber BV help.uber.com,21.63
4/9/2013,Mama Carolla's Old Italian 381898,23.67
4/10/2013,Yats 717868,22.8
4/10/2013,AMAZON,13.61
4/11/2013,Recess 139051,26.73
4/21/2013,BKOFAMERICA ATM 13-04 #000009003 WITHDRWL SOUTH BEND INDIANA ID,20
4/16/2013,Twenty Tap 534813,16.77
4/17/2013,TARGET,11.16
4/19/2013,St. Elmo Steak House 584311,10.13
4/19/2013,Uber BV help.uber.com,7.6
4/20/2013,Uber BV help.uber.com,22.16
4/21/2013,Uber BV help.uber.com,10.33
4/24/2013,The Tamale Place 428788,18.86
4/27/2013,NORDSTROM ONLINE,8.22
4/28/2013,NORDSTROM ONLINE,35.46
5/4/2013,SHELL,36.57
4/29/2013,Uber BV help.uber.com,17.34
5/3/2013,Taste Cafe & Marketplace 331411,13.33
5/6/2013,ADY*Netflix,8.99
5/6/2013,FirstService Res DES:RESIDENT ID: 45118551 INDN:Sara Caplan CO ID:XXXXX39005 WEB,1275
5/5/2013,BKOFAMERICA ATM 13-04 #000009003 WITHDRWL SOUTH BEND INDIANA ID,40
4/30/2013,Uber BV help.uber.com,11.46
5/2/2013,Uber BV help.uber.com,8.63
5/3/2013,Uber BV help.uber.com,5.99
5/3/2013,NORDSTROM ONLINE,35.79
5/9/2013,AMAZON,28.23
5/10/2013,TARGET,20.44
5/11/2013,Bazbeaux 376911,33.88
5/13/2013,MOBILE GAS,33.22
5/14/2013,Taste Cafe & Marketplace 338804,12.99
5/16/2013,WALMART,17.89
5/17/2013,3 Sisters 169633,11.68
5/17/2013,Uber BV help.uber.com,20.04
5/19/2013,Delicia 674520,33.88
5/20/2013,Shoefly Public House 621232,16.37
5/21/2013,Twenty Tap 324627,12
5/22/2013,Uber BV help.uber.com,17.86
5/28/2013,BKOFAMERICA ATM 13-05 #000009003 WITHDRWL SOUTH BEND INDIANA ID,20
6/2/2013,EXXON GAS,37.61
5/27/2013,Uber BV help.uber.com,13.26
5/27/2013,AMAZON,14.13
5/30/2013,Mesh on Mass 388470,16.4
6/1/2013,3 Sisters 293619,14.51
6/1/2013,Uber BV help.uber.com,18.49
6/6/2013,ADY*Netflix,8.99
6/7/2013,FirstService Res DES:RESIDENT ID: 45118551 INDN:Sara Caplan CO ID:XXXXX39005 WEB,1275
5/29/2013,PAYPAL DES:INST XFER ID:51995 INDN:Sara Caplan CO ID:PAYPAL WEB,55.2
5/28/2013,The Loft at Trader's Point Creamery 459484,16.65
5/28/2013,Uber BV help.uber.com,8.8
5/28/2013,TARGET,7.73
5/30/2013,AMAZON,18.43
5/31/2013,AMAZON,24.72
6/2/2013,WALMART,20.33
6/9/2013,CHEVRON,33.12
6/5/2013,St. Elmo Steak House 704818,16.54
6/6/2013,Mesh on Mass 650928,30.75
6/7/2013,Union 50 542259,33.83
6/9/2013,Uber BV help.uber.com,12.44
6/10/2013,BKOFAMERICA ATM 13-06 #000009003 WITHDRWL SOUTH BEND INDIANA ID,50
6/12/2013,EXXON GAS,33.97
6/10/2013,Bazbeaux 532200,18.17
6/11/2013,Goose the Market 152316,13.24
6/11/2013,Uber BV help.uber.com,22.08
6/13/2013,Brugge Brasserie 323437,11.37
6/13/2013,TARGET,34.42
6/14/2013,Sahm's Place 207411,28.3
6/19/2013,TARGET PURCHASE 2180124,14.59
6/18/2013,Goose the Market 308378,18.26
6/19/2013,St. Elmo Steak House 399821,29.82
6/20/2013,Uber BV help.uber.com,4.15
6/21/2013,WALMART,34.5
6/22/2013,Bazbeaux 222419,22.13
6/23/2013,Goose the Market 874274,13.52
6/23/2013,Uber BV help.uber.com,6.4
6/25/2013,Uber BV help.uber.com,14.3
6/26/2013,Sahm's Place 519980,31.3
6/30/2013,Uber BV help.uber.com,7.95
7/6/2013,ADY*Netflix,8.99
7/7/2013,FirstService Res DES:RESIDENT ID: 45118551 INDN:Sara Caplan CO ID:XXXXX39005 WEB,1275
7/1/2013,Bazbeaux 859724,12.05
7/2/2013,St. Elmo Steak House 804591,11.28
7/4/2013,Pizzology 738094,30.47
7/6/2013,TARGET,13.53
7/8/2013,Uber BV help.uber.com,16.48
7/10/2013,TARGET,38.85
7/13/2013,3 Sisters 852438,10.56
7/14/2013,The Tamale Place 681035,9.74
7/21/2013,BKOFAMERICA ATM 13-07 #000009003 WITHDRWL SOUTH BEND INDIANA ID,40
7/15/2013,The Tamale Place 734108,22.23
7/17/2013,Uber BV help.uber.com,17.87
7/19/2013,Uber BV help.uber.com,21.77
7/21/2013,Uber BV help.uber.com,4.28
7/26/2013,BKOFAMERICA ATM 13-07 #000009003 WITHDRWL SOUTH BEND INDIANA ID,10
7/22/2013,NORDSTROM ONLINE,27.34
7/24/2013,WALMART,23.46
7/26/2013,Shoefly Public House 801095,22.76
7/27/2013,Uber BV help.uber.com,12.55
7/30/2013,WALMART,22.66
8/1/2013,Mesh on Mass 688912,12.46
8/1/2013,AMAZON,40.3
8/2/2013,Uber BV help.uber.com,7.18
8/6/2013,ADY*Netflix,8.99
8/2/2013,FirstService Res DES:RESIDENT ID: 45118551 INDN:Sara Caplan CO ID:XXXXX39005 WEB,1275
8/1/2013,SHELL,42.42
7/29/2013,Iaria's Italian Restaurant 367600,7.75
7/31/2013,Yats 340037,17.5
8/3/2013,TARGET,19.33
8/4/2013,Cafe Patachou 118868,27.82
8/6/2013,Scotty's Brewhouse 659449,20.4
8/6/2013,TARGET,25.82
8/10/2013,Mesh on Mass 494726,19.8
8/12/2013,PAYPAL DES:INST XFER ID:73780 INDN:Sara Caplan CO ID:PAYPAL WEB,46.83
8/12/2013,Bluebeard 891532,7.32
8/14/2013,Shapiro's Delicatessen 345981,30.18
8/15/2013,Shapiro's Delicatessen 68325,9.36
8/16/2013,Uber BV help.uber.com,13.91
8/18/2013,Mesh on Mass 934633,21.68
8/19/2013,Taste Cafe & Marketplace 710678,23.86
8/19/2013,TARGET,31.98
8/24/2013,Union 50 544238,22.8
8/24/2013,Uber BV help.uber.com,15.18
8/25/2013,Sahm's Place 747158,19.52
8/25/2013,AMAZON,7.17
8/27/2013,SHELL,33.47
8/26/2013,Uber BV help.uber.com,14.2
8/29/2013,Mug N' Bun 886657,15.49
8/30/2013,The Loft at Trader's Point Creamery 49314,22.12
9/6/2013,ADY*Netflix,8.99
9/7/2013,FirstService Res DES:RESIDENT ID: 45118551 INDN:Sara Caplan CO ID:XXXXX39005 WEB,1275
8/29/2013,Goose the Market 448351,23.35
8/31/2013,Uber BV help.uber.com,14.81
9/2/2013,BKOFAMERICA ATM 13-09 #000009003 WITHDRWL SOUTH BEND INDIANA ID,50
9/8/2013,SHELL,34.3
9/4/2013,Uber BV help.uber.com,20.78
9/6/2013,Uber BV help.uber.com,6.61
9/7/2013,NORDSTROM ONLINE,40.53
9/8/2013,Scotty's Brewhouse 811111,21.23
9/13/2013,BKOFAMERICA ATM 13-09 #000009003 WITHDRWL SOUTH BEND INDIANA ID,40
9/11/2013,Uber BV help.uber.com,18.77
9/11/2013,WALMART,10.67
9/13/2013,Shapiro's Delicatessen 159763,10.05
9/15/2013,Mesh on Mass 181065,11.5
9/19/2013,PAYPAL DES:INST XFER ID:36344 INDN:Sara Caplan CO ID:PAYPAL WEB,30.55
9/16/2013,Goose the Market 279844,22.79
9/17/2013,TARGET,31.72
9/19/2013,Scotty's Brewhouse 527561,32.96
9/22/2013,Uber BV help.uber.com,17.72
9/22/2013,WALMART,26.81
9/26/2013,BKOFAMERICA ATM 13-09 #000009003 WITHDRWL SOUTH BEND INDIANA ID,30
9/25/2013,Uber BV help.uber.com,9.18
9/26/2013,Mug N' Bun 448460,7.43
9/28/2013,Uber BV help.uber.com,5.92
9/28/2013,NORDSTROM ONLINE,19.68
10/6/2013,BKOFAMERICA ATM 13-09 #000009003 WITHDRWL SOUTH BEND INDIANA ID,20
10/2/2013,Uber BV help.uber.com,9.3
10/6/2013,Cafe Patachou 102907,33.64
10/6/2013,Uber BV help.uber.com,7.31
10/6/2013,ADY*Netflix,8.99
10/10/2013,FirstService Res DES:RESIDENT ID: 45118551 INDN:Sara Caplan CO ID:XXXXX39005 WEB,1275
10/10/2013,FirstService Res Late Fee DES:RESIDENT ID: 45118551 INDN:Sara Caplan CO ID:XXXXX39005 WEB,25
10/2/2013,CHEVRON,31.42
9/30/2013,Cafe Patachou 779527,23.57
10/1/2013,Uber BV help.uber.com,6.14
10/2/2013,Goose the Market 781742,29.16
10/5/2013,Uber BV help.uber.com,17.92
10/6/2013,Uber BV help.uber.com,16.76
10/9/2013,BKOFAMERICA ATM 13-10 #000009003 WITHDRWL SOUTH BEND INDIANA ID,50
10/11/2013,Recess 42174,14.82
10/13/2013,Uber BV help.uber.com,7.02
10/15/2013,MOBILE GAS,34.45
10/14/2013,AMAZON,27.84
10/15/2013,St. Elmo Steak House 291075,8.06
10/15/2013,Uber BV help.uber.com,17.7
10/16/2013,St. Elmo Steak House 658074,30.42
10/17/2013,Uber BV help.uber.com,22.79
10/18/2013,Cafe Patachou 38018,10.05
10/18/2013,Uber BV help.uber.com,8.6
10/18/2013,TARGET,20.62
10/20/2013,Iaria's Italian Restaurant 45673,33.9
10/23/2013,CHEVRON,36.56
10/26/2013,Mama Carolla's Old Italian 82047,13.72
10/27/2013,Uber BV help.uber.com,16.45
10/28/2013,TARGET PURCHASE 743022,25.02
10/30/2013,Uber BV help.uber.com,7.37
10/30/2013,TARGET,38.37
11/6/2013,ADY*Netflix,8.99
11/7/2013,FirstService Res DES:RESIDENT ID: 45118551 INDN:Sara Caplan CO ID:XXXXX39005 WEB,1275
10/31/2013,BKOFAMERICA ATM 13-10 #000009003 WITHDRWL SOUTH BEND INDIANA ID,20
10/28/2013,Brugge Brasserie 293707,12.24
10/29/2013,TARGET,9.73
10/31/2013,Brugge Brasserie 122509,22.74
11/1/2013,Uber BV help.uber.com,18.81
11/6/2013,BKOFAMERICA ATM 13-11 #000009003 WITHDRWL SOUTH BEND INDIANA ID,30
11/8/2013,Taste Cafe & Marketplace 94081,29.01
11/15/2013,BKOFAMERICA ATM 13-11 #000009003 WITHDRWL SOUTH BEND INDIANA ID,10
11/17/2013,MOBILE GAS,36.07
11/13/2013,AMAZON,13.27
11/14/2013,Uber BV help.uber.com,12.53
11/16/2013,NORDSTROM ONLINE,31.88
11/17/2013,NORDSTROM ONLINE,11.58
11/20/2013,BKOFAMERICA ATM 13-11 #000009003 WITHDRWL SOUTH BEND INDIANA ID,50
11/18/2013,Siam Square 830427,10.34
11/19/2013,Twenty Tap 379048,27.73
11/19/2013,Uber BV help.uber.com,18.23
11/20/2013,Union 50 334818,21.17
11/23/2013,St. Elmo Steak House 881059,15.94
11/24/2013,Uber BV help.uber.com,10.8
11/30/2013,BKOFAMERICA ATM 13-11 #000009003 WITHDRWL SOUTH BEND INDIANA ID,40
11/25/2013,Pizzology 586035,7.48
11/26/2013,Mug N' Bun 103378,31.11
11/30/2013,NORDSTROM ONLINE,14.51
12/6/2013,ADY*Netflix,8.99
12/10/2013,FirstService Res DES:RESIDENT ID: 45118551 INDN:Sara Caplan CO ID:XXXXX39005 WEB,1275
12/10/2013,FirstService Res Late Fee DES:RESIDENT ID: 45118551 INDN:Sara Caplan CO ID:XXXXX39005 WEB,25
11/26/2013,Delicia 260201,27.67
11/27/2013,The Tamale Place 47065,16.06
12/1/2013,Uber BV help.uber.com,14.55
12/2/2013,Iaria's Italian Restaurant 272285,25.31
12/4/2013,Bazbeaux 31806,20.33
12/7/2013,Bazbeaux 571941,13.84
12/8/2013,Bazbeaux 124984,16.95
12/9/2013,Scotty's Brewhouse 282709,7.2
12/10/2013,Goose the Market 245159,14.98
12/10/2013,AMAZON,16.14
12/16/2013,NORDSTROM ONLINE,25.46
12/21/2013,Uber BV help.uber.com,14.12
12/28/2013,BKOFAMERICA ATM 13-12 #000009003 WITHDRWL SOUTH BEND INDIANA ID,20
12/24/2013,NORDSTROM ONLINE,19.82
12/25/2013,Siam Square 866998,14.49
12/28/2013,Uber BV help.uber.com,7.52
12/30/2013,Mesh on Mass 140899,7.73
12/30/2013,Uber BV help.uber.com,22.87
12/30/2013,AMAZON,8.78
1/1/2014,Scotty's Brewhouse 115354,9.95
1/1/2014,Uber BV help.uber.com,21.14
1/1/2014,WALMART,17.22
1/2/2014,Twenty Tap 581686,14.32
1/3/2014,Uber BV help.uber.com,22.1
1/3/2014,WALMART,18.38
1/4/2014,St. Elmo Steak House 31611,13.76
1/5/2014,Pizzology 183886,13.15
1/6/2014,ADY*Netflix,8.99
1/5/2014,FirstService Res DES:RESIDENT ID: 45118551 INDN:Sara Caplan CO ID:XXXXX39005 WEB,1275
1/5/2014,PAYPAL DES:INST XFER ID:86587 INDN:Sara Caplan CO ID:PAYPAL WEB,52.5
12/30/2013,Recess 385898,8.1
12/30/2013,NORDSTROM ONLINE,41.02
12/31/2013,Brugge Brasserie 647061,7.15
1/10/2014,BKOFAMERICA ATM 14-01 #000009003 WITHDRWL SOUTH BEND INDIANA ID,30
1/12/2014,SHELL,41.55
1/6/2014,WALMART,37.52
1/10/2014,Uber BV help.uber.com,14.81
1/11/2014,Uber BV help.uber.com,15.24
1/13/2014,Sahm's Place 641096,22.7
1/14/2014,Shoefly Public House 299955,14.6
1/14/2014,TARGET,19
1/17/2014,NORDSTROM ONLINE,23.48
1/18/2014,Uber BV help.uber.com,22.05
1/22/2014,TARGET PURCHASE 2613270,14.24
1/25/2014,Iaria's Italian Restaurant 67851,23.54
1/26/2014,Uber BV help.uber.com,17.5
1/27/2014,PAYPAL DES:INST XFER ID:26202 INDN:Sara Caplan CO ID:PAYPAL WEB,38.5
1/27/2014,The Tamale Place 984089,33.54
